"","year","co2_flux","Site_temp","Chlorophyll","Sea_Surface_Temp","POC","PIC","PAR","Precipitation","co2_flux_sd","Site_temp_sd","Chlorophyll_sd","Sea_Surface_Temp_sd","POC_sd","PIC_sd","PAR_sd","Precipitation_sd"
"1","2015",-0.0310814756227545,26.931480514686,1.23111111111111,29.9963636363636,290.555555555556,3.674625e-05,43.8121818181818,0.212126944094157,0.278808100836816,1.14770037527115,0.853015891476303,0.94354939168305,254.05404499393,3.20365532021069e-05,10.4802318704882,1.43897707418955
"2","2016",-0.0132827292327586,27.6869073071414,0.854821428571429,30.7827272727273,172.203571428571,0.000160391071428571,45.9904285714286,0.249241498380182,0.320218846489505,1.51357787010286,0.482896529746858,1.15018711848269,55.3185484733178,0.000247144028546319,11.8979694749547,1.56226881868768
"3","2017",-0.0161097892560718,26.9895211317632,0.907777777777778,30.8064814814815,169.634285714286,0.00011347,45.049768115942,0.222970146415668,0.344495496286958,1.47837972324166,0.865834398917718,1.13174795081718,81.8082476169198,0.000222004193899779,12.5554575571837,1.47541683402574
